{"cameraMode":{"drawMode":0,"name":"Shaded","section":"Shading Mode"},"sceneLighting":false,"audioPlay":false,"sceneViewState":{"showFog":false,"showMaterialUpdate":false,"showSkybox":false,"showFlares":false,"showImageEffects":false,"showParticleSystems":false},"in2DMode":false,"pivot":{"x":4.037764072418213,"y":5.212691783905029,"z":1.575554609298706},"rotation":{"x":0.21343517303466798,"y":0.46336081624031069,"z":-0.11604669690132141,"w":0.8522233366966248},"size":2.023277997970581,"orthographic":false}